{
  "x_target": {
    "mean": 22.739316650285367,
    "std": 276.72117904485333
  },
  "y_target": {
    "mean": 439.09799918900967,
    "std": 234.49650301401172
  }
}
